classNames,averagePrecision
missing hole,0.387068306028351
mouse bite,0.197524022733335
open circuit,0.261803432294049
short,0.330993962850655
spur,0.240561929696552
spurious copper,0.279085631561006
