classNames,averagePrecision
missing hole,0.286050052883947
mouse bite,0.250266355960806
open circuit,0.250084243268133
short,0.414272479405994
spur,0.271778246817802
spurious copper,0.266444671151007
