AreaRange_1,AreaRange_2,NumObjects,mAP,AP
0,280,384,0.239409579544793,0.239409579544793
280,425,384,0.350795885787928,0.350795885787928
425,Inf,390,0.275215710182702,0.275215710182702
