classNames,averagePrecision
missing hole,0.0352519734066851
mouse bite,0
open circuit,0.0021975204777774
short,0.0130955552400918
spur,0.000576968489919564
spurious copper,0.0053687079130757
